[
  {
    "id": 10,
    "title": "Amaranthine",
    "artist": "Amaranthe",
    "album": "Unknown",
    "released": 2011
  },
  {
    "id": 9,
    "title": "Take You Down",
    "artist": "Illenium",
    "album": "Unknown",
    "released": 2018
  },
  {
    "id": 8,
    "title": "Mans Not Hot",
    "artist": "Big Shaq",
    "album": "Unknown",
    "released": 2017
  },
  {
    "id": 7,
    "title": "Taste",
    "artist": "Tyga ft. Offset",
    "album": "Single",
    "released": 2018
  },
  {
    "id": 6,
    "title": "Why You Always Lying",
    "artist": "Nicholas Fraser",
    "album": "Unknown",
    "released": 2016
  },
  {
    "id": 5,
    "title": "On The Floor",
    "artist": "Ice JJ Fish",
    "album": "Single",
    "released": 2014
  },
  {
    "id": 4,
    "title": "Ghostbusters (I'm not a fraid)",
    "artist": "Fall Out Boy, Missy Elliott",
    "album": "Ghostbusters",
    "released": 2016
  },
  {
    "id": 3,
    "title": "Team",
    "artist": "Iggy Azalea",
    "released": 2016
  },
  {
    "id": 2,
    "title": "Mom",
    "artist": "Meghan Trainor, Kelli Trainor",
    "album": "Thank You",
    "released": 2016
  },
  {
    "id": 1,
    "title": "Can’t Stop the Feeling",
    "artist": "Justin Timberlake",
    "album": "Trolls",
    "released": 2016
  }
]